id,name,email,gender,city
1,Roscoe Shorrock,rshorrock0@xing.com,Male,Seka
2,Herminia Osband,hosband1@quantcast.com,Female,Sukajadi
3,Cecily Dooman,cdooman2@amazon.com,Female,Tharyarwady
4,Starr Bull,sbull3@prweb.com,Female,Biritiba Mirim
5,Vikky Farebrother,vfarebrother4@google.com.hk,Male,Rudniki
6,Maxim Kennan,mkennan5@fotki.com,Female,Gongfang
7,Kimmy Hercock,khercock6@rakuten.co.jp,Female,Akim Swedru
8,Raphaela Bawdon,rbawdon7@senate.gov,Female,Katrineholm
9,Loralie Alliban,lalliban8@liveinternet.ru,Female,Aş Şaff
10,Pavel Ditchfield,pditchfield9@mysql.com,Female,Shimorskoye
11,Henri Holsall,hholsalla@patch.com,Female,San Miguel
12,Dorey Beminster,dbeminsterb@guardian.co.uk,Female,Teminabuan
13,Granthem Wayne,gwaynec@soup.io,Male,Mosteiró
14,Jewelle Betjeman,jbetjemand@ow.ly,Male,Paratunka
15,Jorey Dumsday,jdumsdaye@java.com,Male,Cukangpanjang
16,Genevra Witchard,gwitchardf@alexa.com,Female,Rząśnik
17,Steven Ricoald,sricoaldg@purevolume.com,Female,Huddinge
18,Roi Ferencowicz,rferencowiczh@facebook.com,Male,La Reforma
19,Sheilakathryn Salliere,ssallierei@squidoo.com,Male,Young America
20,Dru Halligan,dhalliganj@people.com.cn,Male,Semënovskoye
21,Xever Carillo,xcarillok@google.co.jp,Female,Chābahār
22,Burg Pinke,bpinkel@aol.com,Male,Porvoo
23,Arman Perfect,aperfectm@ehow.com,Female,Hinvi
24,Townsend Rimes,trimesn@people.com.cn,Male,Valladolid
25,Baily Nesby,bnesbyo@i2i.jp,Female,Tamanar
26,Serene Rotter,srotterp@ocn.ne.jp,Male,Visby
27,Lucita Gurry,lgurryq@nba.com,Male,Lluidas Vale
28,Brandice Castelot,bcastelotr@arizona.edu,Male,Nytva
29,Murray Mazzeo,mmazzeos@acquirethisname.com,Male,Xinó Neró
30,Claresta Kenwrick,ckenwrickt@sphinn.com,Female,Novyy Nekouz
31,Waneta Plumm,wplummu@merriam-webster.com,Male,Shatou
32,Carlo Closs,cclossv@sfgate.com,Female,Khonj
33,Byrle Churching,bchurchingw@arizona.edu,Female,Hövsan
34,Lotti Bosch,lboschx@w3.org,Female,Duping
35,Franklyn Andryszczak,fandryszczaky@booking.com,Female,Ilama
36,Daryn Muncer,dmuncerz@blog.com,Female,Himi
37,Thorsten Cowley,tcowley10@marketwatch.com,Male,Wailang
38,Rosie Pardi,rpardi11@ebay.co.uk,Female,Shixiang
39,Madlin Cornell,mcornell12@google.de,Male,Kostyantynivka
40,Deeanne Drynan,ddrynan13@slideshare.net,Female,Puyang
41,Dani Worrall,dworrall14@paypal.com,Male,Burgersfort
42,Ruddy Grogan,rgrogan15@reverbnation.com,Female,Guápiles
43,Bibbie Simoncelli,bsimoncelli16@merriam-webster.com,Male,Vilarelho
44,Trescha Leatherland,tleatherland17@123-reg.co.uk,Female,Were Īlu
45,Wash De Paepe,wde18@wikia.com,Male,Lusambo
46,Katerine Derrett,kderrett19@t-online.de,Male,Višňova
47,Enrichetta Ronchka,eronchka1a@feedburner.com,Male,Baturinggit Kaja
48,Carmelle Bridgwood,cbridgwood1b@netvibes.com,Male,Chubek
49,Brandice Borthwick,bborthwick1c@topsy.com,Male,Laxiong
50,Vidovic Hickin,vhickin1d@bing.com,Male,Pili
51,Carey Dillingstone,cdillingstone1e@scientificamerican.com,Male,New Washington
52,Domenico Benit,dbenit1f@theguardian.com,Female,Ayolas
53,Paloma Granville,pgranville1g@ehow.com,Female,Velventós
54,Danielle Alwood,dalwood1h@w3.org,Male,Gagarin
55,Kristan Clarae,kclarae1i@ocn.ne.jp,Female,Owerri
56,Cathy Kineton,ckineton1j@unc.edu,Male,Paraguaçu
57,Sasha Chipman,schipman1k@weather.com,Female,Brzyska
58,Cheslie Faithfull,cfaithfull1l@mail.ru,Male,Kumla
59,Francesca Ivanuschka,fivanuschka1m@odnoklassniki.ru,Male,Cincinnati
60,Kandace Ledwitch,kledwitch1n@weebly.com,Male,Bodĭ
61,Cher Sproston,csproston1o@163.com,Female,Baraya
62,Garth Britian,gbritian1p@examiner.com,Female,Guaymango
63,Ashley Wolton,awolton1q@smh.com.au,Male,Niopanda
64,Jo-ann Luker,jluker1r@boston.com,Female,Gostynin
65,Carlyle Paydon,cpaydon1s@e-recht24.de,Male,Babakan
66,Chantal Arckoll,carckoll1t@myspace.com,Female,Kalávryta
67,Morna Olle,molle1u@pinterest.com,Male,Oslo
68,Benedicto Abramovitz,babramovitz1v@webs.com,Female,Novomoskovs’k
69,Gussy Brabban,gbrabban1w@chronoengine.com,Male,Santa Maria
70,Griffin Readwing,greadwing1x@dropbox.com,Male,Orsha
71,Elvina Latchford,elatchford1y@sohu.com,Male,Gorzyce
72,Joshua Poetz,jpoetz1z@slate.com,Female,Mercier
73,Meryl Glasspoole,mglasspoole20@virginia.edu,Female,Īlām
74,Terese Pierton,tpierton21@tripadvisor.com,Male,Tutayev
75,Lidia Venton,lventon22@ow.ly,Male,Asenovgrad
76,Simone Knowlson,sknowlson23@berkeley.edu,Female,Trollhättan
77,Lonnard Kyffin,lkyffin24@usda.gov,Female,Puutuga
78,Jocko MacPike,jmacpike25@fotki.com,Female,Pasarbaru
79,Felecia Sammars,fsammars26@state.tx.us,Male,Gouyan
80,Ernesto Ambrogiotti,eambrogiotti27@disqus.com,Female,Novopokrovka
81,Dorry Canape,dcanape28@gravatar.com,Male,Jasieniec
82,Alvira Hannaway,ahannaway29@homestead.com,Male,Arbais
83,Budd Maleck,bmaleck2a@zdnet.com,Female,Panite
84,Waverley Kornas,wkornas2b@plala.or.jp,Male,Niort
85,Lyndsey Mailey,lmailey2c@taobao.com,Female,Haradok
86,Harlan Urvoy,hurvoy2d@epa.gov,Male,Calçada
87,Stefanie Gentil,sgentil2e@businessweek.com,Male,Keswick
88,Molly Moorrud,mmoorrud2f@gnu.org,Male,Shaxi
89,Ambrosi Matura,amatura2g@twitpic.com,Male,Yunmenling
90,Marris Slixby,mslixby2h@goo.ne.jp,Male,Banzão
91,Oswell Mabbitt,omabbitt2i@pinterest.com,Male,Hushan
92,Guido Lambregts,glambregts2j@jigsy.com,Male,Blarney
93,Benoit Wagenen,bwagenen2k@ask.com,Female,Salerno
94,Emilio Roseaman,eroseaman2l@technorati.com,Female,Gembu
95,Deedee Bruhnsen,dbruhnsen2m@example.com,Male,Besançon
96,Elisabetta Hainsworth,ehainsworth2n@nymag.com,Male,San José
97,Bjorn Criple,bcriple2o@oracle.com,Female,Ciodeng
98,Philly Hathaway,phathaway2p@ihg.com,Female,Mülheim an der Ruhr
99,Norri Grishunin,ngrishunin2q@hao123.com,Female,Negararatu
100,Fernandina Macilhench,fmacilhench2r@unesco.org,Male,Ḩakamā
